<config>
	<set xpath="/items/item[@name='apparelNightvisionGoggles']/effect_group">
		<requirement name="IsLocalPlayer"/>
			<triggered_effect trigger="onSelfItemActivate" action="ModifyScreenEffect" effect_name="Bright" intensity="0.75" fade="0"/>
			<triggered_effect trigger="onSelfItemDeactivate" action="ModifyScreenEffect" effect_name="Bright" intensity="0" fade="0"/>
			<triggered_effect trigger="onSelfEquipStop" action="ModifyScreenEffect" effect_name="Bright" intensity="0" fade="0"/>

			<triggered_effect trigger="onSelfEquipStart" action="AddPart" part="HeadLightTPV" prefab="ScreenEffects/DeferredNV/NVGLight" parentTransform="Spotlight" localPos="0,0,0" localRot="90,0,0"/>
			<triggered_effect trigger="onSelfEquipStart" action="AddPart" part="HeadLightFPV" prefab="ScreenEffects/DeferredNV/NVGLight" parentTransform="CameraNode" localPos="0,0,.1" localRot="-90,0,0"/>
			<triggered_effect trigger="onSelfEquipStop" action="RemovePart" part="HeadLightTPV"/>
			<triggered_effect trigger="onSelfEquipStop" action="RemovePart" part="HeadLightFPV"/>
			<triggered_effect trigger="onSelfItemActivate" action="SetPartActive" part="HeadLightTPV" active="@!.IsFPV"/>
			<triggered_effect trigger="onSelfItemActivate" action="SetPartActive" part="HeadLightFPV" active="@.IsFPV"/>
			<triggered_effect trigger="onSelfItemDeactivate" action="SetPartActive" part="HeadLightTPV" active="false"/>
			<triggered_effect trigger="onSelfItemDeactivate" action="SetPartActive" part="HeadLightFPV" active="false"/>
			<triggered_effect trigger="onSelfChangedView" action="SetPartActive" part="HeadLightTPV" active="@!.IsFPV"/>
			<triggered_effect trigger="onSelfChangedView" action="SetPartActive" part="HeadLightFPV" active="@.IsFPV"/>
	</set>
</config>